{
    "Vietnamese-Style Spaghetti Squash \u201cNoodle\u201d Bowls with Skirt Steak ": 75.0,
    "Freeform Chicken Meatballs with Carrots and Yogurt Sauce ": 45.0,
    "Grain Bowls with Chicken, Spiced Chickpeas, and Avocado ": 20.0,
    "Ancho Chile Pork Tenderloin with Brussels Sprouts and Squash ": 45.0,
    "Shrimp with Herby White Beans and Tomatoes ": 20.0,
    "Low-Country Boil with Shrimp, Corn, and Sausage ": 45.0,
    "Quick Sweet and Sour Chicken ": 22.0,
    "Cacio e Pepe Pie ": 80.0,
    "Sunday Stash Sweet Potatoes ": 50.0,
    "Chickpea Salad Sandwich with Creamy Carrot-Radish Slaw ": 20.0,
    "Mexican Meat Patties with Fresh Corn Salsa ": 45.0,
    "Butternut Squash Sandwich with Cheddar Cheese and Pickled Red Onion ": 40.0,
    "Skillet Chicken and Zucchini Enchiladas with Tomatillo Sauce ": 22.0,
    "Slow-Cooker Green Chicken Chili ": 255.0,
    "Roasted Apricot Chicken with Mint and Sage Butternut Squash ": 95.0,
    "3-Ingredient Creamy Pumpkin Pasta ": 25.0,
    "Savory Dutch Baby for Two ": 25.0,
    "Crispy Chicken and Potatoes with Cabbage Slaw ": 45.0,
    "Baked Feta and Greens with Lemony Yogurt ": 40.0,
    "Slow-Cooker Shredded Chicken ": 370.0,
    "Quick Sesame Chicken with Broccoli ": 22.0,
    "Persian Chicken with Turmeric and Lime ": 45.0,
    "Spiced Turkey Chili with Spaghetti Squash ": 45.0,
    "Pasta with Delicata Squash and Sage-Brown Butter ": 50.0,
    "Slow-Cooker Chipotle-Orange Pork Tacos ": 600.0,
    "Marbled Pumpkin-Maple Cheesecake Bars ": 135.0,
    "Braised Rotisserie Chicken with Bacon, Tomatoes, and Kale ": 30.0,
    "Pork Tenderloin with Turmeric, Squash, and Collard Greens Salad ": 45.0,
    "Pull-Apart Bread with Pumpkin and Spinach ": 145.0,
    "Orange Sweet Rolls ": 160.0,
    "Veggie Burgers with Zucchini and Corn ": 70.0,
    "Slow Cooker Pork Shoulder with Zesty Basil Sauce ": 510.0,
    "Grain Bowl Soup ": 45.0,
    "Beer-Steamed Mussels with Chorizo ": 30.0,
    "Broiled Cod with Fennel and Orange ": 30.0,
    "Garlic Mojo Sauce ": 30.0,
    "Pantry Pasta Puttanesca ": 35.0,
    "Persian-Spiced Chicken with Spaghetti Squash, Pomegranate, and Pistachios ": 60.0,
    "Pumpkin and Cookie-Butter Sheet Cake with Toasted Meringue ": 120.0,
    "Stuffed Sweet Potatoes with Beans and Guacamole ": 35.0,
    "Slow-Cooker Chicken Congee ": 490.0,
    "Easy Fried Rice with Chicken and Broccolini ": 22.0,
    "Calzones with Chorizo and Kale ": 120.0,
    "Warm Chicken Salad with Asparagus and Creamy Dill Dressing ": 30.0,
    "Hot Honey Pork Chops with Escarole and White Beans ": 30.0,
    "Roasted Sweet Potato and Delicata Squash with Cranberry Agrodolce ": 75.0,
    "10-Minute Sausage Skillet with Cherry Tomatoes and Broccolini ": 10.0,
    "Pasta with Smoky Pumpkin Cream Sauce ": 25.0,
    "Easy Lamb Tagine with Pomegranate ": 120.0,
    "Sheet-Pan Pasta Bake with Chicken and Kale ": 35.0,
    "Slow-Cooker White Chicken Chili ": 255.0,
    "The Winterized Penicillin ": 60.0,
    "Black-Eyed Peas With Chard and Green Herb Smash ": 20.0,
    "Korean Fried Chicken ": 65.0,
    "Sheet-Pan Roasted Squash and Feta Salad ": 40.0,
    "Ricotta-Pumpkin Gnocchi with Brown Butter ": 60.0,
    "Stuffed Sweet Potatoes with Curried Chickpeas and Mushrooms ": 40.0,
    "Meatball Frittata with Mozzarella and Tomatoes ": 20.0,
    "Simplest Kale Salad ": 30.0,
    "Quiche Sardou ": 120.0,
    "Easy Beef Lo Mein ": 22.0,
    "Dill-Crusted Pork Tenderloin with Farro, Pea, and Blistered Tomato Salad ": 35.0,
    "Easy Green Curry with Chicken, Bell Pepper, and Sugar Snap Peas ": 20.0,
    "Chickpea and Roasted Red Pepper Pantry Tagine ": 20.0,
    "Big Red Slow-Cooker Pulled Pork ": 500.0,
    "Instant Pot Beef and Sweet Potato Chili ": 120.0,
    "Oven Risotto with Crispy Roasted Mushrooms ": 50.0,
    "French Spiced Bread ": 60.0,
    "Sunday Stash Marinara Sauce ": 85.0,
    "Vegetarian Brown Rice Salad With Parsnips and Whipped Ricotta ": 40.0,
    "Vegetarian Three-Bean Chili ": 30.0,
    "Instant-Pot Italian Chickpea Stew with Pesto ": 40.0,
    "3-Ingredient Pumpkin Mousse ": 240.0,
    "Sheet-Pan Chicken with Tomatoes and Mozzarella ": 35.0,
    "Sheet-Pan Curry Pork Chops and Sweet Potatoes ": 35.0,
    "Twice-Baked Butternut Squash With Parmesan Cream and Candied Bacon ": 130.0,
    "Hot Sesame Noodles with Scallions and Pork ": 30.0,
    "Spicy Black Bean and Corn Tacos ": 45.0,
    "Chocolate and Pumpkin Zebra Cake ": 205.0,
    "Quick Sweet Potato, Mushroom, and Black Bean Burrito ": 22.0,
    "Very Versatile Baked Beans With Cabbage ": 135.0,
    "Cheesy Chicken Enchilada Skillet ": 25.0,
    "Cinnamon White Hot Chocolate ": 20.0,
    "Sunflower Seed \"Risotto\" with Squash and Mushrooms ": 90.0,
    "Rosemary Olive Oil Bread ": 240.0,
    "Big-Batch Seasoned Ground Beef ": 25.0,
    "Sweet-Cream Coffee Butter ": 50.0,
    "Quick Pork Ramen with Carrots, Zucchini, and Bok Choy ": 22.0,
    "Cauliflower \"Mac 'n' Cheese\" Casserole ": 120.0,
    "Grain Bowl with Spiced Squash, Mushrooms, and Curried Yogurt ": 70.0,
    "Spiced Pavlova with Pumpkin Mousse ": 135.0,
    "Big-Batch Roasted Kale ": 40.0,
    "Make-Ahead Sheet-Pan Meatballs ": 60.0,
    "Easy Chicken Tortilla Soup with Bean and Cheese Nachos ": 22.0,
    "Beef and Potato Pasties ": 105.0,
    "Pantry Pasta ": 35.0,
    "Cheesy Delicata Squash and Kale Casserole ": 45.0,
    "One-Pot Pasta Primavera with Shrimp ": 22.0,
    "10-Minute Shrimp with Green Beans and Creamy Lemon-Dill Dip ": 10.0,
    "Herb-Crusted Cauliflower Steaks with Beans and Tomatoes ": 45.0,
    "Crunchy Quinoa Salad ": 30.0,
    "Spanish Frittata with Herby Yogurt and Greens ": 50.0,
    "Roasted Garlic Herb Sauce ": 20.0,
    "Herby Chicken Kofta Meatballs ": 55.0,
    "Grilled Cheese Tacos ": 25.0,
    "Salmon Burgers with Red Pepper Mayo ": 30.0,
    "Lentil and Chicken Soup with Sweet Potatoes and Escarole ": 35.0,
    "10-Minute Chicken Flatbreads with Hummus and Yogurt ": 10.0,
    "Sausage and Greens Sheet-Pan Dinner ": 25.0,
    "White Chicken Chili ": 30.0,
    "One-Pot Curried Cauliflower with Couscous and Chickpeas ": 45.0,
    "Hummus Dinner Bowls with Spiced Ground Beef and Tomatoes ": 20.0
}