{
    "Curried Lentil, Tomato, and Coconut Soup ": 9.19,
    "Roasted Butternut Squash with Herb Oil and Goat Cheese ": 4.13,
    "Chopped Salad with Shallot Vinaigrette, Feta, and Dill ": 5.33,
    "Grain Salad with Olives and Whole-Lemon Vinaigrette ": 6.42,
    "Vietnamese-Style Spaghetti Squash \u201cNoodle\u201d Bowls with Skirt Steak ": 2.12,
    "Honey-Roasted Vegetable Salad ": 7.58,
    "Freeform Chicken Meatballs with Carrots and Yogurt Sauce ": 9.889,
    "Grain Bowls with Chicken, Spiced Chickpeas, and Avocado ": 7.7589999999999995,
    "Antipasto Salad ": 9.540000000000001,
    "Ancho Chile Pork Tenderloin with Brussels Sprouts and Squash ": 2.7800000000000002,
    "Jerk Spice\u2013Rubbed Chicken Legs ": 3.239,
    "Roast Fish with Cannellini Beans and Green Olives ": 7.56,
    "Shrimp with Herby White Beans and Tomatoes ": 2.26,
    "Low-Country Boil with Shrimp, Corn, and Sausage ": 11.542,
    "Quick Sweet and Sour Chicken ": 3.239,
    "Cacio e Pepe Pie ": 15.350000000000001,
    "Sunday Stash Sweet Potatoes ": 1.28,
    "Cold Sesame Noodles with Broccoli and Kale ": 11.27,
    "Chickpea Salad Sandwich with Creamy Carrot-Radish Slaw ": 6.98,
    "Mexican Meat Patties with Fresh Corn Salsa ": 18.787,
    "Butternut Squash Sandwich with Cheddar Cheese and Pickled Red Onion ": 6.609999999999999,
    "Spicy Tahini and Avocado Soba ": 4.668,
    "Steak and Eggs with Saucy Beans ": 6.699999999999999,
    "Skillet Chicken and Zucchini Enchiladas with Tomatillo Sauce ": 3.239,
    "Slow-Cooker Green Chicken Chili ": 6.539000000000001,
    "Roasted Apricot Chicken with Mint and Sage Butternut Squash ": 9.849,
    "3-Ingredient Creamy Pumpkin Pasta ": 7.568,
    "Savory Dutch Baby for Two ": 16.818,
    "Slow-Cooked Winter Squash with Sage and Thyme ": 3.1,
    "Crispy Chicken and Potatoes with Cabbage Slaw ": 4.0009999999999994,
    "Baked Feta and Greens with Lemony Yogurt ": 14.879999999999999,
    "Slow-Cooker Shredded Chicken ": 5.599,
    "Kabocha Squash and Pork Stir-Fry ": 10.737000000000002,
    "Miso-Harissa Delicata Squash and Brussels Sprouts Salad ": 7.5,
    "Quick Sesame Chicken with Broccoli ": 3.239,
    "Persian Chicken with Turmeric and Lime ": 8.158999999999999,
    "Make-Ahead Freezer-to-Oven Chicken Packets ": 3.239,
    "Winter Squash and Short-Rib Enchiladas ": 23.159999999999997,
    "Spiced Turkey Chili with Spaghetti Squash ": 5.01,
    "Pasta with Delicata Squash and Sage-Brown Butter ": 6.28,
    "Slow-Cooker Chipotle-Orange Pork Tacos ": 11.897,
    "Cheesy Baked Pasta with Cauliflower ": 9.120000000000001,
    "Marbled Pumpkin-Maple Cheesecake Bars ": 11.47,
    "Farro Salad with Roasted Sweet Potatoes, Red Onion, and Goat Cheese ": 3.06,
    "Cannellini Beans With Spinach ": 6.758,
    "Braised Rotisserie Chicken with Bacon, Tomatoes, and Kale ": 11.859,
    "Cold Beef Tenderloin with Tomatoes and Cucumbers ": 10.03,
    "Pork Tenderloin with Turmeric, Squash, and Collard Greens Salad ": 10.546999999999999,
    "Pull-Apart Bread with Pumpkin and Spinach ": 12.168,
    "Orange Sweet Rolls ": 7.5809999999999995,
    "Pressed Broccoli Rabe and Mozzarella Sandwiches ": 1.47,
    "Coconut-Apple-Ginger Dal ": 8.04,
    "Pumpkin Patch Cupcakes ": 2.62,
    "Veggie Burgers with Zucchini and Corn ": 5.25,
    "Cracked Farro and Broccoli Salad ": 0.6,
    "Quinoa Bowl with Lentils and Mustard Vinaigrette ": 5.5600000000000005,
    "Green Goddess Tuna Salad Sandwich ": 4.95,
    "Slow Cooker Pork Shoulder with Zesty Basil Sauce ": 6.116999999999999,
    "Grain Bowl Soup ": 16.023,
    "Beer-Steamed Mussels with Chorizo ": 6.4,
    "Broiled Cod with Fennel and Orange ": 4.181,
    "Miso Kale Caesar Salad ": 10.209999999999999,
    "Garlic Mojo Sauce ": 9.059999999999999,
    "Pantry Pasta Puttanesca ": 4.03,
    "Persian-Spiced Chicken with Spaghetti Squash, Pomegranate, and Pistachios ": 5.519,
    "Pumpkin and Cookie-Butter Sheet Cake with Toasted Meringue ": 2.62,
    "Stuffed Sweet Potatoes with Beans and Guacamole ": 7.128,
    "Slow-Cooker Chicken Congee ": 9.469,
    "Easy Fried Rice with Chicken and Broccolini ": 14.019,
    "Calzones with Chorizo and Kale ": 10.18,
    "Warm Chicken Salad with Asparagus and Creamy Dill Dressing ": 7.971,
    "Baked Penne with Green Chiles ": 11.348,
    "Cold Paprika-Grilled Chicken with Marinated Bell Peppers ": 3.239,
    "Hot Honey Pork Chops with Escarole and White Beans ": 15.753999999999998,
    "Roasted Beet Tzatziki Salad ": 4.06,
    "Roasted Sweet Potato and Delicata Squash with Cranberry Agrodolce ": 2.8,
    "10-Minute Sausage Skillet with Cherry Tomatoes and Broccolini ": 7.380000000000001,
    "Curried Chickpea and Lentil Dal ": 8.33,
    "Spicy Marinated Vegetables and Sardines on Toast ": 5.84,
    "Pasta with Smoky Pumpkin Cream Sauce ": 4.2,
    "Easy Lamb Tagine with Pomegranate ": 4.26,
    "Sheet-Pan Pasta Bake with Chicken and Kale ": 12.659,
    "Slow-Cooker White Chicken Chili ": 8.078999999999999,
    "Cold Sesame Noodles with Cucumber ": 3.79,
    "The Winterized Penicillin ": 0,
    "Black-Eyed Peas With Chard and Green Herb Smash ": 9.75,
    "Spiced Chickpeas and Greens Frittata ": 8.08,
    "Korean Fried Chicken ": 6.429,
    "Wheat Berry Bowl with Merguez and Pomegranate ": 7.699999999999999,
    "Kale and Wild Rice\u2013Stuffed Winter Squash ": 9.54,
    "Sheet-Pan Roasted Squash and Feta Salad ": 11.36,
    "Ricotta-Pumpkin Gnocchi with Brown Butter ": 14.760000000000002,
    "Stuffed Sweet Potatoes with Curried Chickpeas and Mushrooms ": 11.348,
    "Beef Chili ": 11.29,
    "Meatball Frittata with Mozzarella and Tomatoes ": 5.68,
    "Simplest Kale Salad ": 9.08,
    "Quiche Sardou ": 12.076,
    "Easy Beef Lo Mein ": 14.51,
    "Garlic-Chile Ground Pork ": 8.536999999999999,
    "Dill-Crusted Pork Tenderloin with Farro, Pea, and Blistered Tomato Salad ": 9.337,
    "Easy Green Curry with Chicken, Bell Pepper, and Sugar Snap Peas ": 9.139000000000001,
    "Chickpea and Roasted Red Pepper Pantry Tagine ": 6.23,
    "Big Red Slow-Cooker Pulled Pork ": 4.137,
    "Ham Hock and White Bean Stew ": 6.997,
    "Instant Pot Beef and Sweet Potato Chili ": 16.14,
    "Chicken and Bacon Choucroute with Potato Salad ": 17.318,
    "Oven Risotto with Crispy Roasted Mushrooms ": 14.270000000000001,
    "French Spiced Bread ": 14.63,
    "Sunday Stash Marinara Sauce ": 3.3400000000000003,
    "Vegetarian Brown Rice Salad With Parsnips and Whipped Ricotta ": 15.131,
    "Vegetarian Three-Bean Chili ": 3.0,
    "Instant-Pot Italian Chickpea Stew with Pesto ": 13.38,
    "3-Ingredient Pumpkin Mousse ": 5.9879999999999995,
    "Party Posole Rojo ": 8.536999999999999,
    "Sheet-Pan Chicken with Tomatoes and Mozzarella ": 6.579,
    "Thai-Spiced Turkey Burgers ": 6.01,
    "Veggie Italian Hoagies ": 6.9399999999999995,
    "Sheet-Pan Curry Pork Chops and Sweet Potatoes ": 12.216999999999999,
    "Twice-Baked Butternut Squash With Parmesan Cream and Candied Bacon ": 13.0,
    "Marinated Mixed Beans ": 1.28,
    "Hot Sesame Noodles with Scallions and Pork ": 22.977,
    "Hot-Smoked Salmon with Salted Yogurt and Fennel ": 0,
    "Spicy Black Bean and Corn Tacos ": 8.72,
    "Shredded Chicken Salad with Creamy Miso Dressing ": 10.789,
    "Chocolate and Pumpkin Zebra Cake ": 0,
    "Quick Sweet Potato, Mushroom, and Black Bean Burrito ": 4.640000000000001,
    "Very Versatile Baked Beans With Cabbage ": 4.62,
    "Rotisserie Chicken Salad with Charred Scallion Dressing ": 9.679,
    "Cast-Iron Pizza with Fennel and Sausage ": 4.82,
    "California Veggie Sandwich ": 1.7799999999999998,
    "Tomato and Cannellini Bean Soup ": 2.8600000000000003,
    "Cheesy Chicken Enchilada Skillet ": 9.679,
    "Cinnamon White Hot Chocolate ": 3.368,
    "Sunflower Seed \"Risotto\" with Squash and Mushrooms ": 7.93,
    "Rosemary Olive Oil Bread ": 2.48,
    "Big-Batch Seasoned Ground Beef ": 12.59,
    "Braised Chicken Thighs with Squash and Mustard Greens ": 8.229,
    "Sweet-Cream Coffee Butter ": 3.18,
    "Slow-Cooked Chicken Stew with Kale ": 14.449,
    "Grapefruit-Orange Crostatas ": 1.321,
    "Quick Pork Ramen with Carrots, Zucchini, and Bok Choy ": 8.597,
    "Skillet Phyllo Pie with Butternut Squash, Kale, and Goat Cheese ": 9.63,
    "Cold Roast Salmon with Smashed Green Bean Salad ": 5.25,
    "Honey-Garlic Noodles ": 8.469999999999999,
    "Cauliflower \"Mac 'n' Cheese\" Casserole ": 9.928,
    "Grain Bowl with Spiced Squash, Mushrooms, and Curried Yogurt ": 13.463000000000001,
    "Chicken Soup with Charred Cabbage ": 6.899,
    "Broiled Salmon with Scallions and Sesame ": 0,
    "Fall Squash and Leek Bread Pudding ": 13.05,
    "Curried Yellow Split Pea Soup with Spiced Coconut ": 3.76,
    "Jammy Eggs and Feta Flatbreads with Herbs ": 5.220000000000001,
    "Bucatini with Lemony Carbonara ": 14.21,
    "Spiced Pavlova with Pumpkin Mousse ": 7.379999999999999,
    "Big-Batch Roasted Kale ": 4.859999999999999,
    "Make-Ahead Sheet-Pan Meatballs ": 21.488,
    "Honeynut Squash with Radicchio and Miso ": 15.14,
    "Easy Chicken Tortilla Soup with Bean and Cheese Nachos ": 13.079,
    "Vermicelli Noodles with Lemongrass Pork Meatballs ": 4.137,
    "Beef and Potato Pasties ": 7.231999999999999,
    "Vietnamese Chicken Soup With Rice ": 4.699,
    "Herbed Chickpeas ": 2.8600000000000003,
    "Pantry Pasta ": 11.110000000000001,
    "Winter Squash Agrodolce ": 1.52,
    "Red Posole with Pork ": 8.536999999999999,
    "Cheesy Kale and Mushroom Strata ": 21.087999999999997,
    "Cheesy Delicata Squash and Kale Casserole ": 10.790000000000001,
    "Butternut Squash and Chorizo Hash ": 14.607,
    "Sake-Steamed Chicken and Kabocha Squash ": 10.769,
    "One-Pot Pasta Primavera with Shrimp ": 9.320000000000002,
    "10-Minute Shrimp with Green Beans and Creamy Lemon-Dill Dip ": 2.66,
    "Herb-Crusted Cauliflower Steaks with Beans and Tomatoes ": 10.52,
    "Coconut Rice Noodles with Ginger and Turmeric ": 9.79,
    "Butternut Squash, Coconut, and Ginger Muffins ": 6.99,
    "Crunchy Quinoa Salad ": 0.98,
    "Trout Toast with Soft Scrambled Eggs ": 4.96,
    "Spanish Frittata with Herby Yogurt and Greens ": 3.242,
    "Smoky Pumpkin, Spelt, Pomegranate, and Feta Salad ": 4.920000000000001,
    "One-Skillet Roasted Butternut Squash with Spiced Chickpeas ": 10.25,
    "Roasted Garlic Herb Sauce ": 6.53,
    "Pasta Salad with Spring Vegetables and Tomatoes ": 6.52,
    "Herby Chicken Kofta Meatballs ": 7.779,
    "Grilled Cheese Tacos ": 8.73,
    "Salmon Burgers with Red Pepper Mayo ": 0,
    "Slow-Roasted Salmon with Harissa ": 4.81,
    "Lentil and Chicken Soup with Sweet Potatoes and Escarole ": 10.719000000000001,
    "Baked Pasta alla Norma ": 12.38,
    "Turmeric-Ginger Chicken Soup ": 8.009,
    "Pork Chops with Celery and Almond Salad ": 8.917,
    "10-Minute Chicken Flatbreads with Hummus and Yogurt ": 3.839,
    "Sausage and Greens Sheet-Pan Dinner ": 8.862,
    "Raw Butternut Squash Ribbon Salad with Orange and Chile ": 12.25,
    "Twice-Roasted Squash with Parmesan Butter and Grains ": 9.860000000000001,
    "Kabocha Squash Pilaf with Coconut ": 7.88,
    "White Chicken Chili ": 6.839,
    "One-Pot Curried Cauliflower with Couscous and Chickpeas ": 9.208,
    "Hummus Dinner Bowls with Spiced Ground Beef and Tomatoes ": 10.07
}