,tags,price,abstract,source,comment
0,Chile,,1,,
1,Poultry,,1,,replaced to chicken
2,Chicken,3.239,,A,
3,Milk/Cream,3.368,,A,
4,Parmesan,2.22,,B,
5,Clove,,1,,condiment
6,Pasta,1.58,,B,
7,Dinner,,1,,
8,Sour Cream,,1,,
9,Low Fat,,1,,
10,Dried Fruit,2.98,,B,
11,Rosemary,,1,,condiment
12,Orange,1.321,,A,
13,Maple Syrup,,1,,condiment
14,Blender,,1,,
15,Endive,4.62,,C,"Chopped Salad, instacart, two needed"
16,Sage,,1,,
17,Taco,,1,,
18,Avocado,1.18,,B,
19,Beef Rib,8.97,,B,
20,Lime,0.48,,B,
21,Pastry,,1,,
22,Soy Free,,1,,
23,Potato,0.762,,A,
24,Freezer Food,,1,,
25,J??cama,5.79,,,amazon
26,Buffet,,1,,
27,Wine,,1,,
28,Soy Sauce,,1,,
29,Green Bean,1.48,,B,
30,Bake,,1,,
31,Pea,1.48,,B,Same as green beans
32,Fall,,1,,
33,No Sugar Added,,1,,
34,Kosher,,1,,
35,Gourmet,,1,,
36,Mixer,,1,,
37,Feta,2.74,,B,cheese
38,Seed,,1,,
39,Grains,,1,,
40,Kale,3.28,,B,
41,Leek,3.82,,B,
42,Lemon,1.99,,B,
43,Kid-Friendly,,1,,
44,Labor Day,,1,,
45,Soup/Stew,,1,,
46,Onion,0.78,,B,
47,Dill,,1,,condiment
48,Low Sodium,,1,,
49,Spring,,1,,
50,Saut??,,1,,
51,Leafy Green,,1,,category
52,Stew,,1,,
53,Pumpkin,2.62,,B,Canned
54,Cilantro,,1,,condiment
55,HarperCollins,,1,,
56,Blue Cheese,3.26,,B,
57,Burrito,,1,,
58,Eggplant,1.56,,B,
59,Chili,0.74,,B,
60,Cake,,1,,
61,Pine Nut,6.92,,B,
62,Pork Chop,4.137,,A,
63,Winter,,1,,
64,Barley,5.663,,B,3 pack 16.99
65,Parsley,0.98,,B,
66,Noodle,,1,,
67,3-Ingredient Recipes,,1,,
68,Nutmeg,,1,,condiment
69,Spinach,3.488,,B,21.8c/oz  1lb
70,Shower,,1,,
71,Butter,3.18,,B,
72,Cheese,3.58,,B,"Finely Shredded Sharp Cheddar Cheese, 16 oz "
73,Olive,1.47,,B,canned
74,Artichoke,2.74,,B,ea
75,Lettuce,3.48,,B,x3
76,Backyard BBQ,,1,,
77,Chile Pepper,2.82,,B,S&B
78,Dairy,,1,,
79,Hanukkah,,1,,
80,Party,,1,,
81,Apricot,2.48,,B,canned
82,Anise,,1,,condiment
83,"No Meat, No Problem",,1,,
84,Appetizer,,1,,
85,Paleo,,1,,
86,Apple,2.57,,B,Honeycrisp apples
87,Macaroni and Cheese,,1,,
88,22-Minute Meals,,1,,
89,Simmer,,1,,
90,Paprika,,1,,condiment
91,Low Carb,,1,,
92,Vegetarian,,1,,
93,Grill/Barbecue,,1,,
94,Brunch,,1,,
95,Escarole,4.62,,C,same as endive
96,Jalape??o,0.28,,B,0.25LB
97,Low Cal,,1,,
98,Pescatarian,,1,,eating style
99,Pork,4.137,,A,same as pork chop
100,Bon App??tit,,1,,
101,Almond,5.98,,B,Whole 1lb
102,Tortillas,,1,,
103,Breakfast,,1,,
104,Boil,,1,,
105,Dairy Free,,1,,
106,Curry,2.74,,B,"S&B, powder 3.2oz"
107,Cinnamon,,1,,condiment
108,Butternut Squash,4.13,,B,Whole avg
109,Jamaica,,1,,
110,Side,,1,,
111,Coconut,2.28,,B,ea
112,Cocktail Party,,1,,
113,Brisket,9.16,,B,avg price
114,Thanksgiving,,1,,
115,Cardamom,,1,,spice
116,Bacon,4.36,,B,1lb
117,Rice,1.46,,B,2lb
118,Tree Nut Free,,1,,
119,Chard,4.99,,C,"5oz, FreshDirect"
120,Casserole/Gratin,,1,,style
121,Hot Pepper,0.28,,B,same as jalepeno
122,Lunar New Year,,1,,
123,Low Cholesterol,,1,,
124,White Wine,,1,,
125,Wheat/Gluten-Free,,1,,
126,Corn,3.97,,B,20oz
127,Cauliflower,2.98,,B,1lb
128,Self,,1,,
129,Fennel,,1,,condiment
130,Egg,2.48,,B,eggs
131,Braise,,1,,
132,Hazelnut,2.29,,C,target 2.25oz
133,Chickpea,1.28,,B,walmart
134,Cucumber,0.6,,B,1lb
135,Tomato,0.98,,B,1lb
136,Super Bowl,,1,,
137,Tofu,2.98,,B,Nasoya Organic Super Firm 16oz
138,Sweet Potato/Yam,1.28,,B,lb
139,Sugar Conscious,,1,,
140,Garlic,1.58,,B,3 count
141,Basil,1.98,,B,0.75oz cut
142,Ginger,3.19,,C,Farmstead Grocery Delivery
143,Mushroom,2.08,,B,8oz
144,Alabama,,1,,
145,Prosciutto,7.78,,B,"Del Duca Dry Cured Prosciutto, 6 oz, Pre sliced"
146,Bean,1.28,,B,"red, 16oz"
147,Christmas,,1,,
148,Thyme,,1,,spice
149,Spice,,1,,spice
150,Parsnip,3.48,,B,1lb
151,Bread,2.48,,B,1lb
152,Food Processor,,1,,
153,Ground Beef,6.12,,B,1lb tray
154,High Fiber,,1,,
155,Healthy,,1,,
156,Vegan,,1,,
157,Dessert,,1,,
158,Cumin,,1,,condiment
159,Summer,,1,,
160,Lunch,,1,,
161,Pepper,3.37,,B,3 count
162,Ricotta,2.12,,B,cheese/milk 15oz tub
163,Kidney Friendly,,1,,
164,Sausage,4.82,,B,"roll, 16oz"
165,Walnut,3.28,,B,8oz
166,Salad,,1,,
167,Roast,,1,,
168,Mint,1.98,,B,cut 0.75oz
169,Peanut Free,,1,,
170,Vegetable,,1,,
171,Herb,,1,,
172,Orange Juice,3.78,,B,pulp free 52 fl oz
173,Squash,1.52,,B,1lb
174,Radish,1.78,,B,bag
175,Arugula,2.18,,B,10 oz bag
176,Grill,,1,,
177,Quick & Easy,,1,,
178,Beef,6.47,,B,chuck roast 1lb
179,Michigan,,1,,
180,Passover,,1,,
181,Picnic,,1,,
182,Pomegranate,2.28,,B,1lb/each
183,Lime Juice,0.88,,B,4.5oz reconstituted
